,Country,Rating-Per-Count
0,UGA,7.0
1,GAB,6.5
2,LTU,5.105284906195894
3,GTM,5.084939041366406
4,MUS,5.000206608860988
5,VNM,4.388545524691358
6,BGD,4.25
7,GNB,4.0
8,AND,3.83602304125945
9,BRN,3.6458333333333335
