User-ID,N_ratings,avg_rating
USER_00656,1242,1.749597423510467
USER_00550,613,0.49429037520391517
USER_00699,459,2.3769063180827885
USER_00214,330,1.4606060606060607
USER_00458,298,2.7248322147651005
USER_00170,170,4.394117647058824
USER_00171,143,5.1678321678321675
USER_00838,142,3.1619718309859155
USER_00207,123,3.178861788617886
USER_00190,102,3.107843137254902
